q,Dq_mean,Dq_std,Dq_sem,n_sizes,min_sites,window
0.5,0.8806297029194502,0.03132823171441909,0.007832057928604773,16,4000,adaptive_cluster
0.75,0.8328821414022889,0.041253538510506976,0.010313384627626744,16,4000,adaptive_cluster
1.0,0.7945591942645289,0.047206780537917346,0.011801695134479337,16,4000,adaptive_cluster
1.25,0.7647812430574765,0.05036585668211113,0.012591464170527783,16,4000,adaptive_cluster
1.5,0.7418636233051975,0.051874677175225106,0.012968669293806277,16,4000,adaptive_cluster
1.75,0.7241017183074048,0.052498520790838436,0.013124630197709609,16,4000,adaptive_cluster
2.0,0.7101125884271687,0.052673693554662476,0.013168423388665619,16,4000,adaptive_cluster
2.5,0.6896774465273479,0.052492416461969456,0.013123104115492364,16,4000,adaptive_cluster
3.0,0.6755089417512903,0.05213048752109564,0.01303262188027391,16,4000,adaptive_cluster
