site,x,y,staggered_sign,chi_ii,chi_ii_err
1,2.0,1.0,1,0.26554309357625633,0.0011918939605694168
2,3.0,1.0,-1,0.2602386103624967,0.0011619169250504837
3,5.0,1.0,-1,0.21453815906911441,0.008474736871294013
4,8.0,1.0,1,0.20733659104338914,0.0020791086449886515
5,9.0,1.0,-1,0.18961008960681408,0.0008180936639831733
6,12.0,1.0,1,0.1685726522896859,0.000862846286768228
7,14.0,1.0,1,0.24579659559220288,0.0009144912517695332
8,15.0,1.0,-1,0.2639432595377389,0.0016352268051706286
9,17.0,1.0,-1,0.16848540170430204,0.0007028496343854108
10,20.0,1.0,1,0.17845690698809175,0.001271852358526378
11,22.0,1.0,1,0.2855341013509806,0.003553623651279553
12,23.0,1.0,-1,0.19422212148229273,0.0010913492833071377
13,26.0,1.0,1,0.1858418570229626,0.0009390045025049816
14,27.0,1.0,-1,0.2547016948996942,0.0019162560478273236
15,29.0,1.0,-1,0.1693609367675219,0.0007045402662536445
16,32.0,1.0,1,0.19859655267393259,0.0010592486551081024
17,33.0,1.0,-1,0.1962183270724731,0.0014289647414464297
18,36.0,1.0,1,0.1698499658511276,0.0006703417377000914
19,38.0,1.0,1,0.2601595000882425,0.001208154442127916
20,39.0,1.0,-1,0.1823426076405277,0.0009980185966310103
21,42.0,1.0,1,0.1860185664780576,0.0009296380557322941
22,43.0,1.0,-1,0.26975297555042316,0.0014530374503003648
23,45.0,1.0,-1,0.1824339101757508,0.002054927914470795
24,48.0,1.0,1,0.17722819413396346,0.0012646949762819511
25,1.0,2.0,-1,0.27484332195864886,0.0021928893235870278
26,4.0,2.0,1,0.2522819396995548,0.0011110149924749035
27,6.0,2.0,1,0.2847662905835434,0.005850033161030553
28,7.0,2.0,-1,0.28549298601472983,0.0016525570485869494
29,10.0,2.0,1,0.28331229105718786,0.0013375926199206815
30,11.0,2.0,-1,0.24037753977069565,0.0015000299439235888
31,13.0,2.0,-1,0.26649262809829377,0.001174457891148172
32,16.0,2.0,1,0.2611383080150416,0.001284328578862625
33,18.0,2.0,1,0.2478883107711006,0.0021942381141684805
34,19.0,2.0,-1,0.25463503317319475,0.001520606397323028
35,21.0,2.0,-1,0.23965161429242918,0.0020190398721207157
36,24.0,2.0,1,0.30904497850028156,0.001279070365710685
37,25.0,2.0,-1,0.311078185938857,0.001321562959121692
38,28.0,2.0,1,0.22810494616451438,0.0010489882274432585
39,30.0,2.0,1,0.23949231170908952,0.0009822547610288715
40,31.0,2.0,-1,0.2880281455869425,0.0014813954667434919
41,34.0,2.0,1,0.2712326916278598,0.001042579370228775
42,35.0,2.0,-1,0.23867528968807505,0.001132173079869495
43,37.0,2.0,-1,0.24007083215824,0.003149984690345839
44,40.0,2.0,1,0.3460135321414455,0.0020585552771763844
45,41.0,2.0,-1,0.356656850242868,0.002577017327217123
46,44.0,2.0,1,0.23049248654379856,0.0018348276661213974
47,46.0,2.0,1,0.25289772837687347,0.001311392667232982
48,47.0,2.0,-1,0.2570459385600308,0.0027284549131529803
49,1.0,3.0,1,0.26544313797488567,0.0016237360386814651
50,4.0,3.0,-1,0.2435907513978045,0.0010290347099881666
51,6.0,3.0,-1,0.24797564646338968,0.0010979625548006005
52,7.0,3.0,1,0.3090506681285768,0.0016649076938043122
53,10.0,3.0,-1,0.29920808278672256,0.001378080293809563
54,11.0,3.0,1,0.23752651441728892,0.001023138421130693
55,13.0,3.0,1,0.26843656645235753,0.0016107753910339516
56,16.0,3.0,-1,0.2558758739693363,0.001412518940065498
57,18.0,3.0,-1,0.24883503238335858,0.0011746841447411956
58,19.0,3.0,1,0.24319645520462765,0.0008737853813045386
59,21.0,3.0,1,0.2778420918066942,0.005119759090708786
60,24.0,3.0,-1,0.32863058671408923,0.0022388911299475464
61,25.0,3.0,1,0.31663781416867504,0.0015938952056727073
62,28.0,3.0,-1,0.22638779054809077,0.0016170681552396748
63,30.0,3.0,-1,0.2391494018891947,0.0010295438555159157
64,31.0,3.0,1,0.31038138055220577,0.0016233718596721802
65,34.0,3.0,-1,0.31331547928732545,0.0020977748903857115
66,35.0,3.0,1,0.2436289487722874,0.0013203796802818666
67,37.0,3.0,1,0.22905762220300985,0.0014221182346609385
68,40.0,3.0,-1,0.34897926812556873,0.002401038302060552
69,41.0,3.0,1,0.35304057824523927,0.0023605242843561507
70,44.0,3.0,-1,0.2472555778196161,0.0025738894621781367
71,46.0,3.0,-1,0.28235220388786914,0.006021699811897736
72,47.0,3.0,1,0.2580445223448206,0.0013232191103527456
73,2.0,4.0,-1,0.2598003910367638,0.0014955803592822455
74,3.0,4.0,1,0.24677703158737058,0.0008637113792460188
75,5.0,4.0,1,0.1724928837444812,0.000827993529033215
76,8.0,4.0,-1,0.20036619496896582,0.00155375092471202
77,9.0,4.0,1,0.1896358764236427,0.0008921566424644646
78,12.0,4.0,-1,0.17852636888777002,0.0015884066444397098
79,14.0,4.0,-1,0.25164203347821795,0.0009509430715692698
80,15.0,4.0,1,0.2605622777971317,0.0015734443461618425
81,17.0,4.0,1,0.17425129906087797,0.0007188541587016703
82,20.0,4.0,-1,0.1775262546750426,0.000802615367756993
83,22.0,4.0,-1,0.2842659348131368,0.0033415244717500243
84,23.0,4.0,1,0.1847749572692788,0.0012701939473968868
85,26.0,4.0,-1,0.17760226156506315,0.000661144876990702
86,27.0,4.0,1,0.26516141096817153,0.001422103273080868
87,29.0,4.0,1,0.17829700687115124,0.0009028545711393545
88,32.0,4.0,-1,0.19068997317609387,0.0007745804532218118
89,33.0,4.0,1,0.19329873848381304,0.001696981795779633
90,36.0,4.0,-1,0.17032327233880482,0.0006012439531951563
91,38.0,4.0,-1,0.24892232420818095,0.0011213883363052949
92,39.0,4.0,1,0.18819654626705976,0.0009046986749421844
93,42.0,4.0,-1,0.18412210705500998,0.0007354923971345118
94,43.0,4.0,1,0.2996325722479372,0.0034142546664381094
95,45.0,4.0,1,0.23138003676978572,0.011217674433567111
96,48.0,4.0,-1,0.17750364477483177,0.0009552742360816908
97,1.0,5.0,1,0.16278947852867048,0.0005328030773847074
98,4.0,5.0,-1,0.16663290625709057,0.0005547155165006494
99,6.0,5.0,-1,0.25382601291401397,0.0012425803172242897
100,7.0,5.0,1,0.1864779750326963,0.0007532428792977611
101,10.0,5.0,-1,0.18989340541366542,0.0008401563738653265
102,11.0,5.0,1,0.2519714673014585,0.0014382203115342184
103,13.0,5.0,1,0.17545800273524512,0.0012199861025241063
104,16.0,5.0,-1,0.16542559460380252,0.0007054996157758569
105,18.0,5.0,-1,0.23319916901300464,0.0010545230534333384
106,19.0,5.0,1,0.2244241873658638,0.0008841243170923854
107,21.0,5.0,1,0.16623304544184672,0.0008852962675344468
108,24.0,5.0,-1,0.19159519896823207,0.0009424172082777215
109,25.0,5.0,1,0.18877470814150987,0.0007882397139411541
110,28.0,5.0,-1,0.20728714485890382,0.006030382389763441
111,30.0,5.0,-1,0.26154651208684915,0.0027125122750840556
112,31.0,5.0,1,0.18401506703266915,0.001272074083301709
113,34.0,5.0,-1,0.22406172983295677,0.008619702967069993
114,35.0,5.0,1,0.3203976152651627,0.013743727445164064
115,37.0,5.0,1,0.17310648744588508,0.0007914156136372974
116,40.0,5.0,-1,0.19030596570336733,0.0009428930723773185
117,41.0,5.0,1,0.20601522303313594,0.0023513772455620303
118,44.0,5.0,-1,0.16716190621830335,0.0006959407973171561
119,46.0,5.0,-1,0.24019662974901151,0.001534020830814643
120,47.0,5.0,1,0.23849966097622508,0.0012730675917532472
121,2.0,6.0,-1,0.2397000369236824,0.000874628608068551
122,3.0,6.0,1,0.24686848471986597,0.0017492423085604073
123,5.0,6.0,1,0.24979959077288585,0.0009335172418172337
124,8.0,6.0,-1,0.26000403002611533,0.0010256703787527575
125,9.0,6.0,1,0.26746134601001087,0.0010035241920448726
126,12.0,6.0,-1,0.2578508280030582,0.0012886847550625563
127,14.0,6.0,-1,0.23292813085215605,0.0010545366939017438
128,15.0,6.0,1,0.24156121152503449,0.0009896583283816453
129,17.0,6.0,1,0.3052959595801952,0.006386805841819182
130,20.0,6.0,-1,0.28969695638189946,0.004487598044312597
131,22.0,6.0,-1,0.22723267495879843,0.0010310756450662899
132,23.0,6.0,1,0.2651807283848168,0.001576074443904938
133,26.0,6.0,-1,0.2630150183445274,0.001189469435118729
134,27.0,6.0,1,0.2325447975932112,0.0010364441465572304
135,29.0,6.0,1,0.2826047911126715,0.007424733637987698
136,32.0,6.0,-1,0.26928951961082404,0.0017657015546265332
137,33.0,6.0,1,0.2604769568259347,0.0009964861577156034
138,36.0,6.0,-1,0.2548604932462316,0.0018880073457522696
139,38.0,6.0,-1,0.22322920438196084,0.0009184138897098747
140,39.0,6.0,1,0.26758558814331873,0.0010382293246361982
141,42.0,6.0,-1,0.28471684665924646,0.002082865345096996
142,43.0,6.0,1,0.24108560584580663,0.0016689192173789784
143,45.0,6.0,1,0.25341564141094103,0.0013060013130354502
144,48.0,6.0,-1,0.28267745606936373,0.0016295034020168218
145,2.0,7.0,1,0.30188816421026493,0.0017406280912805
146,3.0,7.0,-1,0.31201724593438224,0.0015313292674292713
147,5.0,7.0,-1,0.1851100591956639,0.0007014968681885822
148,8.0,7.0,1,0.265785475291888,0.0018952935144021803
149,9.0,7.0,-1,0.27796728840782214,0.0015566687129288713
150,12.0,7.0,1,0.18216769839753855,0.0006490367922376416
151,14.0,7.0,1,0.3069786356382849,0.002533154259572842
152,15.0,7.0,-1,0.2913178465678405,0.002082551094596194
153,17.0,7.0,-1,0.18334361750475672,0.0010513559528278072
154,20.0,7.0,1,0.1930121545009908,0.0019275470957003152
155,22.0,7.0,1,0.2593133202224958,0.0014441589835389626
156,23.0,7.0,-1,0.3403904607861756,0.0018162758508417326
157,26.0,7.0,1,0.3362664865979181,0.0020076965590922593
158,27.0,7.0,-1,0.2767169138988808,0.0017484420899027578
159,29.0,7.0,-1,0.18136583577357693,0.000977435109173239
160,32.0,7.0,1,0.25091488560865177,0.0010583216904801842
161,33.0,7.0,-1,0.2694429194880676,0.002982982649816206
162,36.0,7.0,1,0.17433717417233108,0.0006449744748933745
163,38.0,7.0,1,0.2792591772357222,0.0017584209198599717
164,39.0,7.0,-1,0.326834599531153,0.0012333682130775557
165,42.0,7.0,1,0.3511273886109489,0.0021668891286837294
166,43.0,7.0,-1,0.2732377146987008,0.002722624659067349
167,45.0,7.0,-1,0.18546088617965253,0.0008982698660910918
168,48.0,7.0,1,0.18208550327425352,0.0006929398253573055
169,1.0,8.0,-1,0.20668098842015695,0.002097068354477392
170,4.0,8.0,1,0.19323626847633155,0.0012371164322518204
171,6.0,8.0,1,0.27169470364922976,0.0014224823210522094
172,7.0,8.0,-1,0.26572270858224095,0.0014326901994322016
173,10.0,8.0,1,0.2635505052497424,0.0012734685040273288
174,11.0,8.0,-1,0.26710176012899817,0.0014833507804938558
175,13.0,8.0,-1,0.20615838005439066,0.0020637241411128374
176,16.0,8.0,1,0.19719731548563862,0.0014715624366931142
177,18.0,8.0,1,0.3218799397553789,0.0013502792483008439
178,19.0,8.0,-1,0.3192593876094522,0.0015707059604949199
179,21.0,8.0,-1,0.20145928034853292,0.002383347797547831
180,24.0,8.0,1,0.2499654688298542,0.0011151674843105325
181,25.0,8.0,-1,0.26459055077208155,0.002168799002264452
182,28.0,8.0,1,0.18608316239705447,0.0008198077552825741
183,30.0,8.0,1,0.2630405803770895,0.0013935620655080917
184,31.0,8.0,-1,0.25834330009827533,0.001171465516591061
185,34.0,8.0,1,0.2697550390786994,0.001729558631722974
186,35.0,8.0,-1,0.24603043952771392,0.0008853646203337666
187,37.0,8.0,-1,0.18495358641547263,0.0008470731358826892
188,40.0,8.0,1,0.25118909089798486,0.0011039247736788515
189,41.0,8.0,-1,0.25415974752859594,0.001098841440839398
190,44.0,8.0,1,0.19132955346917643,0.0008723642908092499
191,46.0,8.0,1,0.32886432807788024,0.002088160444248999
192,47.0,8.0,-1,0.3479674712399561,0.002382226461306888
193,1.0,9.0,1,0.19962635629237085,0.001254563120423256
194,4.0,9.0,-1,0.19239981915879303,0.000954122236941638
195,6.0,9.0,-1,0.2782139999302807,0.0014314444513470112
196,7.0,9.0,1,0.2616989959922811,0.0014172613411842932
197,10.0,9.0,-1,0.2748806799353654,0.002072662390954358
198,11.0,9.0,1,0.27416380301322574,0.0019356905958095745
199,13.0,9.0,1,0.20543760262962393,0.002706310710566115
200,16.0,9.0,-1,0.19370429828040736,0.0007966448224297781
201,18.0,9.0,-1,0.32082656832141143,0.0015814364239768307
202,19.0,9.0,1,0.32072506326202,0.0014015056838845082
203,21.0,9.0,1,0.20312041256788801,0.001595028989978269
204,24.0,9.0,-1,0.2654913548682559,0.0014823512780796325
205,25.0,9.0,1,0.24029569251924593,0.0008500349079213664
206,28.0,9.0,-1,0.17886341188484073,0.0006444720241465332
207,30.0,9.0,-1,0.25490129470553546,0.001200527675630494
208,31.0,9.0,1,0.26655880492495243,0.0014162293539676798
209,34.0,9.0,-1,0.25542673998280363,0.0012899889534436287
210,35.0,9.0,1,0.2538858828201593,0.0009128847216842002
211,37.0,9.0,1,0.19628985813884736,0.001592636598826958
212,40.0,9.0,-1,0.2798518279075901,0.003130327893289714
213,41.0,9.0,1,0.2556072619415251,0.001526091625671502
214,44.0,9.0,-1,0.19083787965628332,0.0008457699346933894
215,46.0,9.0,-1,0.33864701596289304,0.0022742988092609427
216,47.0,9.0,1,0.34598068981534214,0.0019291978320140582
217,2.0,10.0,-1,0.31546399540280445,0.003395605026734844
218,3.0,10.0,1,0.2943809058800589,0.0010449861068730069
219,5.0,10.0,1,0.18633221997679453,0.000793416969868174
220,8.0,10.0,-1,0.2742702366294962,0.0013988656146361658
221,9.0,10.0,1,0.27140655234054917,0.0016570121463687457
222,12.0,10.0,-1,0.18228940950450426,0.0008316187467741233
223,14.0,10.0,-1,0.304219840100419,0.0017561953332414205
224,15.0,10.0,1,0.28076985976059465,0.0009835879576140143
225,17.0,10.0,1,0.1828852258633157,0.0007384375634768185
226,20.0,10.0,-1,0.18142225647615037,0.0010442923515988202
227,22.0,10.0,-1,0.2707716141979802,0.002222495487541769
228,23.0,10.0,1,0.34269100599082825,0.001708652138625137
229,26.0,10.0,-1,0.3093958339609087,0.0010983908313188157
230,27.0,10.0,1,0.2628747757381567,0.0013384206345774293
231,29.0,10.0,1,0.1771144706621133,0.0006913106906344276
232,32.0,10.0,-1,0.2603638435239938,0.0011414339392377165
233,33.0,10.0,1,0.25805201854303417,0.0027589454008492735
234,36.0,10.0,-1,0.1827211797182134,0.0008948631350244153
235,38.0,10.0,-1,0.2763331484613952,0.0017612411700963127
236,39.0,10.0,1,0.3405764305092215,0.0021793365109908608
237,42.0,10.0,-1,0.3378609778270246,0.0017365016227052516
238,43.0,10.0,1,0.2661587348143639,0.003100288490632827
239,45.0,10.0,1,0.1998284657260533,0.0031055459411659997
240,48.0,10.0,-1,0.18835129132353892,0.0007520145169528703
241,2.0,11.0,1,0.2511235961808193,0.0010533709370900606
242,3.0,11.0,-1,0.244592623877214,0.001680581905738
243,5.0,11.0,-1,0.24725587384310546,0.0008885685002297758
244,8.0,11.0,1,0.2730024456852993,0.0013267126089151415
245,9.0,11.0,-1,0.2828877533459905,0.0022031027236824115
246,12.0,11.0,1,0.2593755748136713,0.0014566537919628896
247,14.0,11.0,1,0.24711412716741235,0.0013900328496157324
248,15.0,11.0,-1,0.2418367721148088,0.0014305595394852716
249,17.0,11.0,-1,0.2722689773691166,0.0010764813496005848
250,20.0,11.0,1,0.2766834377035013,0.0016091835049295202
251,22.0,11.0,1,0.2293548910399832,0.000894252866457719
252,23.0,11.0,-1,0.2655526536803971,0.0013962858905852173
253,26.0,11.0,1,0.25631638277203295,0.0010583087651785767
254,27.0,11.0,-1,0.22081650837069552,0.0010269829163188217
255,29.0,11.0,-1,0.24979444050680777,0.0010955553936997462
256,32.0,11.0,1,0.2592687856727362,0.0013992092046837693
257,33.0,11.0,-1,0.26230617673245893,0.0011118929706274469
258,36.0,11.0,1,0.24712214920061473,0.0023503208750537833
259,38.0,11.0,1,0.21890958737066893,0.0009411611330175753
260,39.0,11.0,-1,0.2565722477280465,0.0020007423740491023
261,42.0,11.0,1,0.25731700975410976,0.0013387520089937694
262,43.0,11.0,-1,0.2248995969571322,0.0008575589351361505
263,45.0,11.0,-1,0.2557111331663519,0.0012014836058604757
264,48.0,11.0,1,0.2930924220515962,0.0037307310878400904
265,1.0,12.0,-1,0.1812895055091897,0.0014741975524457385
266,4.0,12.0,1,0.18120048229112173,0.0016256457005496723
267,6.0,12.0,1,0.2618524938463021,0.0014301107050725813
268,7.0,12.0,-1,0.1944333948151237,0.0012918569628267722
269,10.0,12.0,1,0.19318868780403528,0.002069823596718126
270,11.0,12.0,-1,0.2567855509107134,0.0013239962474796585
271,13.0,12.0,-1,0.17180695648583366,0.0007230709946142693
272,16.0,12.0,1,0.16641574345020535,0.0006142872055886204
273,18.0,12.0,1,0.23298761582513305,0.0010557552021302733
274,19.0,12.0,-1,0.24104851401455382,0.001489276956780008
275,21.0,12.0,-1,0.1654876244678771,0.0007157377709047802
276,24.0,12.0,1,0.1914647286658082,0.0009766659788518744
277,25.0,12.0,-1,0.19625702174193174,0.0010939082069837277
278,28.0,12.0,1,0.1720207433758281,0.000668382223506396
279,30.0,12.0,1,0.2526712578257908,0.0017411650981143986
280,31.0,12.0,-1,0.1835956343604092,0.0009090308472045162
281,34.0,12.0,1,0.17846200432218912,0.0006165393824214201
282,35.0,12.0,-1,0.24122389706586958,0.0012785100390768122
283,37.0,12.0,-1,0.1642589962893907,0.0005682748350849635
284,40.0,12.0,1,0.18131684545813684,0.0007596204953220964
285,41.0,12.0,-1,0.19194906422142566,0.0008712490068260256
286,44.0,12.0,1,0.16606621004311384,0.0005937504056937314
287,46.0,12.0,1,0.23253255173037546,0.0010729137117311868
288,47.0,12.0,-1,0.23332737237078532,0.0010330767277170233
289,2.0,13.0,1,0.2584805257138374,0.0011794566575349303
290,3.0,13.0,-1,0.25775802047637325,0.0022567557314531867
291,5.0,13.0,-1,0.1720876334667383,0.0010683995648085745
292,8.0,13.0,1,0.19887433428129053,0.0013258874763374194
293,9.0,13.0,-1,0.1925138764603741,0.0011763002064595033
294,12.0,13.0,1,0.17864245405293377,0.0013892788066444236
295,14.0,13.0,1,0.24370752262919138,0.0009742314227465718
296,15.0,13.0,-1,0.25536036743261,0.0019088761691835761
297,17.0,13.0,-1,0.16641232325828217,0.0005590234904272864
298,20.0,13.0,1,0.1813407748053871,0.0009984841945986376
299,22.0,13.0,1,0.2916349892735707,0.0050828751625365725
300,23.0,13.0,-1,0.18233532507918043,0.001250037644112489
301,26.0,13.0,1,0.17703584870106626,0.0007577413312968688
302,27.0,13.0,-1,0.24469080706355756,0.0010602072035946928
303,29.0,13.0,-1,0.18028757074394683,0.0009009192061786089
304,32.0,13.0,1,0.19129914523134472,0.00201392317653583
305,33.0,13.0,-1,0.18176834334330869,0.0007189614139019892
306,36.0,13.0,1,0.18333842727100993,0.0009698989525988161
307,38.0,13.0,1,0.24504853330933798,0.0008898727303205527
308,39.0,13.0,-1,0.17877085312581414,0.0008995664361583745
309,42.0,13.0,1,0.1748786097994058,0.0005667128774174743
310,43.0,13.0,-1,0.25949308643221575,0.001640769408420619
311,45.0,13.0,-1,0.16794155349163845,0.0005195697638549209
312,48.0,13.0,1,0.18346006104683632,0.000980242526167353
313,1.0,14.0,-1,0.2845191885937854,0.0022791066321898655
314,4.0,14.0,1,0.2586134592746209,0.0010921666631951961
315,6.0,14.0,1,0.24333668496774974,0.0012112447566918962
316,7.0,14.0,-1,0.33277550531948713,0.00301864275134112
317,10.0,14.0,1,0.29872306877870014,0.0012540252576955409
318,11.0,14.0,-1,0.24741396674890356,0.001709069284765027
319,13.0,14.0,-1,0.2524907816291774,0.0014977124260366638
320,16.0,14.0,1,0.25518987837429025,0.0013673598592724824
321,18.0,14.0,1,0.24462438503038578,0.0008698088779881365
322,19.0,14.0,-1,0.2540774457756763,0.0019630566646901843
323,21.0,14.0,-1,0.24123276488922574,0.001304167259812574
324,24.0,14.0,1,0.30944383448566504,0.0016832342209458424
325,25.0,14.0,-1,0.31211565795117774,0.0021004409243379537
326,28.0,14.0,1,0.23328696840370422,0.0015598687573305386
327,30.0,14.0,1,0.24170042912301865,0.002255256177266652
328,31.0,14.0,-1,0.2955328199242229,0.002956120328982684
329,34.0,14.0,1,0.27807019355851437,0.0012268116233284318
330,35.0,14.0,-1,0.2381300518120033,0.001606565542052506
331,37.0,14.0,-1,0.21710892972515453,0.0007974177609128147
332,40.0,14.0,1,0.3258812509621974,0.0015848381408709695
333,41.0,14.0,-1,0.3146963091369106,0.0011680756873244783
334,44.0,14.0,1,0.23767307339856003,0.0013733421460767707
335,46.0,14.0,1,0.2387355988080435,0.0011548130824330818
336,47.0,14.0,-1,0.276913668818368,0.0025508435623608594
337,1.0,15.0,1,0.28553724625947546,0.0023664912125734533
338,4.0,15.0,-1,0.26625415356219956,0.0016660321752207303
339,6.0,15.0,-1,0.2534522839074757,0.0015249362277501338
340,7.0,15.0,1,0.4302826416703331,0.024233562971809407
341,10.0,15.0,-1,0.289028959501811,0.0018297032673205249
342,11.0,15.0,1,0.24981296089717603,0.0016599608166915996
343,13.0,15.0,1,0.2999033988599933,0.004765791852952168
344,16.0,15.0,-1,0.26475195956793596,0.0013577769247894245
345,18.0,15.0,-1,0.24190350387940476,0.0011314214474973596
346,19.0,15.0,1,0.26003872725685595,0.0013521915493406248
347,21.0,15.0,1,0.24114542270619063,0.0019114621860628893
348,24.0,15.0,-1,0.3255191425381194,0.0012116010750656432
349,25.0,15.0,1,0.3332597979248495,0.0017992382289886818
350,28.0,15.0,-1,0.23288590225922176,0.001480124743700519
351,30.0,15.0,-1,0.2450318378290049,0.0010707524497051805
352,31.0,15.0,1,0.2861883646633567,0.0014858397109505928
353,34.0,15.0,-1,0.29994815525511986,0.0026964418744321443
354,35.0,15.0,1,0.2628775757278468,0.0030620840653520485
355,37.0,15.0,1,0.22948364081130998,0.0010080781792207558
356,40.0,15.0,-1,0.33249595829684053,0.0023433180221672403
357,41.0,15.0,1,0.3429868398404144,0.0033121187466027646
358,44.0,15.0,-1,0.23378669515489295,0.001874674775502882
359,46.0,15.0,-1,0.25667808385737056,0.0011433620132166567
360,47.0,15.0,1,0.24305155216091712,0.0012624142709844945
361,2.0,16.0,-1,0.2615122167180215,0.0012422013088947467
362,3.0,16.0,1,0.27214234523512065,0.0018821583136716601
363,5.0,16.0,1,0.16473633454054126,0.0006154512874627339
364,8.0,16.0,-1,0.2081698893058087,0.00223972958714015
365,9.0,16.0,1,0.21236689575386922,0.003152744373690611
366,12.0,16.0,-1,0.1649071841936352,0.0007901002354870868
367,14.0,16.0,-1,0.2513652276224236,0.0010092437094441859
368,15.0,16.0,1,0.25987348948199473,0.0011202125395053033
369,17.0,16.0,1,0.16350425540593888,0.0006551448212120805
370,20.0,16.0,-1,0.17157237512234613,0.0006117557581301079
371,22.0,16.0,-1,0.278758424246061,0.0015833094945119997
372,23.0,16.0,1,0.19086488682028147,0.0009743555029211051
373,26.0,16.0,-1,0.2097865896461375,0.0065376280705150055
374,27.0,16.0,1,0.2680841477002215,0.0019051502920231674
375,29.0,16.0,1,0.18482419294520078,0.0016625385676850744
376,32.0,16.0,-1,0.20138627777169252,0.0011354867795343778
377,33.0,16.0,1,0.18884786843265144,0.0009601901008109445
378,36.0,16.0,-1,0.17675317312320254,0.003233707799897023
379,38.0,16.0,-1,0.2421960705470599,0.0007998731868337551
380,39.0,16.0,1,0.18465479072375,0.0013539173798412366
381,42.0,16.0,-1,0.19114339335456246,0.0009396955403180938
382,43.0,16.0,1,0.2867010124746316,0.0015907423128245133
383,45.0,16.0,1,0.17290858166255016,0.0008214451164432469
384,48.0,16.0,-1,0.16381677277733098,0.0006510955160873168
385,1.0,17.0,1,0.1714985179085708,0.0011844342040762156
386,4.0,17.0,-1,0.18281562978757912,0.0015875515333841875
387,6.0,17.0,-1,0.2532637789906606,0.0009577312579179414
388,7.0,17.0,1,0.19172658085904457,0.0013550919935261122
389,10.0,17.0,-1,0.19000004935872572,0.001171988850774714
390,11.0,17.0,1,0.26872902681500804,0.00126715282377617
391,13.0,17.0,1,0.17098843969078872,0.0007046905400790446
392,16.0,17.0,-1,0.17166139695617694,0.0010383018598681022
393,18.0,17.0,-1,0.2615396937765711,0.001122444317878817
394,19.0,17.0,1,0.26308446144550707,0.0021465478005565125
395,21.0,17.0,1,0.17719770729073037,0.0014262538970234858
396,24.0,17.0,-1,0.20154759766585953,0.0011174787337717468
397,25.0,17.0,1,0.20324662841591642,0.0024553111051182712
398,28.0,17.0,-1,0.18071856898426775,0.0009327982906568419
399,30.0,17.0,-1,0.25796457302977105,0.0013871069327172835
400,31.0,17.0,1,0.18107866564211741,0.000860736184487158
401,34.0,17.0,-1,0.19075245511243197,0.0010134896254333937
402,35.0,17.0,1,0.37609912110473914,0.01653782608709304
403,37.0,17.0,1,0.17341917885199715,0.0008321402284061351
404,40.0,17.0,-1,0.20394003878515465,0.001970313647615805
405,41.0,17.0,1,0.21613390504651805,0.002740486950835516
406,44.0,17.0,-1,0.16827206132384326,0.0006802457745320612
407,46.0,17.0,-1,0.25778961251906884,0.0011438584550589083
408,47.0,17.0,1,0.27670269707540135,0.0020291700182266657
409,2.0,18.0,-1,0.28276379427798154,0.0037252643108108253
410,3.0,18.0,1,0.25046903516508334,0.001230950725989048
411,5.0,18.0,1,0.23239305479698916,0.0013669330338235712
412,8.0,18.0,-1,0.3264549622256724,0.0019421693685123937
413,9.0,18.0,1,0.336157663734826,0.002769860098199313
414,12.0,18.0,-1,0.22944499486472386,0.0012115103185357122
415,14.0,18.0,-1,0.24342123957477063,0.0008765512270031465
416,15.0,18.0,1,0.24135527770743243,0.0012258840503323442
417,17.0,18.0,1,0.2641511802215523,0.0009992799807306166
418,20.0,18.0,-1,0.27708772120484093,0.0014498920660069262
419,22.0,18.0,-1,0.26112513256673153,0.0012303984084784197
420,23.0,18.0,1,0.3015972070932898,0.0018153039302137603
421,26.0,18.0,-1,0.27338757242158096,0.001325047988164183
422,27.0,18.0,1,0.2523049813337551,0.001456552388346563
423,29.0,18.0,1,0.2407010189936348,0.0015036191206481127
424,32.0,18.0,-1,0.32265499208852844,0.0016427224262568704
425,33.0,18.0,1,0.34161561478101155,0.0038012171006424323
426,36.0,18.0,-1,0.3559118390342507,0.012358829829657685
427,38.0,18.0,-1,0.24964261474385283,0.0011959893227621154
428,39.0,18.0,1,0.2736288019901591,0.0016957722922441376
429,42.0,18.0,-1,0.33731144550019254,0.00474165017420744
430,43.0,18.0,1,0.2617976171470558,0.0018654398066376815
431,45.0,18.0,1,0.2703451321955638,0.002054494240613
432,48.0,18.0,-1,0.27003141030591993,0.0013069742746876067
433,2.0,19.0,1,0.2596730849679355,0.001375957615576295
434,3.0,19.0,-1,0.25395353766795226,0.0011634334448597963
435,5.0,19.0,-1,0.24276426180223282,0.0015314618157684155
436,8.0,19.0,1,0.3444443631779291,0.0038591379887918434
437,9.0,19.0,-1,0.33016146164976784,0.0029068634779579015
438,12.0,19.0,1,0.23063596865874245,0.0010641646032668653
439,14.0,19.0,1,0.24325438193651516,0.0008844801860882389
440,15.0,19.0,-1,0.2660965739306707,0.0014578663763644489
441,17.0,19.0,-1,0.2598181532266784,0.0010028320610194759
442,20.0,19.0,1,0.25888603465753157,0.0011173377931548959
443,22.0,19.0,1,0.24638546768346173,0.001257866079374084
444,23.0,19.0,-1,0.34952931912281077,0.004498894461661975
445,26.0,19.0,1,0.3286262948083571,0.002776494592209981
446,27.0,19.0,-1,0.2461211669437542,0.0024747263541489263
447,29.0,19.0,-1,0.22778348460489442,0.0016814040604743005
448,32.0,19.0,1,0.3332949008650418,0.0021841886777193404
449,33.0,19.0,-1,0.32943720089974854,0.001762602678859993
450,36.0,19.0,1,0.25609650119281996,0.004441258997895802
451,38.0,19.0,1,0.267658287437678,0.0029235084470347564
452,39.0,19.0,-1,0.30792055471390145,0.0025181061547991847
453,42.0,19.0,1,0.3391235954154068,0.004251405255846082
454,43.0,19.0,-1,0.2873736568691837,0.005953793806675358
455,45.0,19.0,-1,0.25332068059825,0.001577924363109531
456,48.0,19.0,1,0.257378457484683,0.0012252055238760097
457,1.0,20.0,-1,0.17903277880954407,0.0018750329566342545
458,4.0,20.0,1,0.17511208686211793,0.0006439152245817755
459,6.0,20.0,1,0.2715976875664311,0.0023174579500617833
460,7.0,20.0,-1,0.18203464085558724,0.0008029180013323331
461,10.0,20.0,1,0.17593484149944272,0.0007824556889101665
462,11.0,20.0,-1,0.25199883382648636,0.0009792757858340777
463,13.0,20.0,-1,0.17457001429982838,0.0008967252985884703
464,16.0,20.0,1,0.17886338762012105,0.0010177231125161265
465,18.0,20.0,1,0.27018772469695046,0.0012754239938750267
466,19.0,20.0,-1,0.25706435732200045,0.0009891376435996926
467,21.0,20.0,-1,0.17779007900376925,0.0007829922939478802
468,24.0,20.0,1,0.22753069098700038,0.005881161434600016
469,25.0,20.0,-1,0.20637509474048651,0.0015791834721929233
470,28.0,20.0,1,0.17865365137881853,0.0013431070712381457
471,30.0,20.0,1,0.2852303138664073,0.006104243448389479
472,31.0,20.0,-1,0.207400032839865,0.005803257952814728
473,34.0,20.0,1,0.1896385988148895,0.000991883903415619
474,35.0,20.0,-1,0.38227804396378046,0.016143049558241696
475,37.0,20.0,-1,0.17506242427159346,0.0007787466261512901
476,40.0,20.0,1,0.1810013824355589,0.0007083649642820383
477,41.0,20.0,-1,0.1914670308533609,0.001186261644536798
478,44.0,20.0,1,0.16999015514022286,0.0006760946185202837
479,46.0,20.0,1,0.27039707097366017,0.002138442949354793
480,47.0,20.0,-1,0.2665696754056941,0.001700883101358267
481,2.0,21.0,1,0.23323744461524937,0.0013672823175995153
482,3.0,21.0,-1,0.22414378146930428,0.0009226773388128993
483,5.0,21.0,-1,0.1759960765087147,0.0010532447403166453
484,8.0,21.0,1,0.18235638536921336,0.0007292829827687346
485,9.0,21.0,-1,0.19000933069373807,0.0008649390624809737
486,12.0,21.0,1,0.1682382489794775,0.000691726415363239
487,14.0,21.0,1,0.2528815485505897,0.001957398279454084
488,15.0,21.0,-1,0.2580078293854552,0.0031385312970918
489,17.0,21.0,-1,0.16733316660706865,0.0007597325794030762
490,20.0,21.0,1,0.1659002638107819,0.0004917136673515033
491,22.0,21.0,1,0.25322438874019537,0.0010479070075169142
492,23.0,21.0,-1,0.18858187230865786,0.0012596176970838986
493,26.0,21.0,1,0.18470120881367455,0.0007533711845225646
494,27.0,21.0,-1,0.2377691415807434,0.0009423141603319005
495,29.0,21.0,-1,0.1757411534358228,0.0008793996918060975
496,32.0,21.0,1,0.20186393353022108,0.0011738520802045671
497,33.0,21.0,-1,0.20883280362048576,0.0018030596320695203
498,36.0,21.0,1,0.20535186549728357,0.0037384037949820758
499,38.0,21.0,1,0.24336191412075642,0.001038429453394555
500,39.0,21.0,-1,0.19055179822503102,0.001544041720746162
501,42.0,21.0,1,0.18875893164965532,0.0010526015697184293
502,43.0,21.0,-1,0.31435618267251575,0.007546654820177857
503,45.0,21.0,-1,0.17351631699999248,0.0007420188251077218
504,48.0,21.0,1,0.16769315346481126,0.001032433213849135
505,1.0,22.0,-1,0.2616718175534252,0.001045358786876336
506,4.0,22.0,1,0.275677101616074,0.003832865029639289
507,6.0,22.0,1,0.24390569176106094,0.001294150050546666
508,7.0,22.0,-1,0.26910911221794337,0.0019583363148417375
509,10.0,22.0,1,0.2550223600045385,0.0014374922733774104
510,11.0,22.0,-1,0.2365366241797547,0.00128058801751516
511,13.0,22.0,-1,0.28050754134607353,0.001958203271125848
512,16.0,22.0,1,0.27282771222206464,0.001094256200254021
513,18.0,22.0,1,0.2896938121082812,0.0037466284939543567
514,19.0,22.0,-1,0.2340840795000511,0.0010058180591696467
515,21.0,22.0,-1,0.25577914256249323,0.0013044171479582544
516,24.0,22.0,1,0.25705947836964244,0.0009984628711155736
517,25.0,22.0,-1,0.2548270849749445,0.0009544596673355804
518,28.0,22.0,1,0.25904601768819757,0.002122114322875855
519,30.0,22.0,1,0.23761800646540535,0.0015146034673386563
520,31.0,22.0,-1,0.2662093284023022,0.0012408165995786357
521,34.0,22.0,1,0.28107206758360725,0.002262067437520287
522,35.0,22.0,-1,0.386737053697479,0.02656147115934399
523,37.0,22.0,-1,0.2786313298612983,0.003530221370793917
524,40.0,22.0,1,0.27761676533650165,0.0018468583460228953
525,41.0,22.0,-1,0.28620375456314356,0.0031938917849668154
526,44.0,22.0,1,0.2775408486379205,0.0023008410904817992
527,46.0,22.0,1,0.24304659778115353,0.00145210389282806
528,47.0,22.0,-1,0.2531572654983017,0.0010657151344530891
529,1.0,23.0,1,0.18397601554870005,0.0009578285175087147
530,4.0,23.0,-1,0.1852266705136246,0.0012220318187243602
531,6.0,23.0,-1,0.2706388351940966,0.0016602037289445253
532,7.0,23.0,1,0.37214257845895005,0.003989936036633504
533,10.0,23.0,-1,0.3397229016869324,0.0017743319601171493
534,11.0,23.0,1,0.2628419299272087,0.0013305799061856288
535,13.0,23.0,1,0.18425708220909118,0.0009532332267217697
536,16.0,23.0,-1,0.20020557023797073,0.0019324814831667549
537,18.0,23.0,-1,0.30418518365866754,0.0026891724082940753
538,19.0,23.0,1,0.31587820607494266,0.002351133847954042
539,21.0,23.0,1,0.18350827335814252,0.0007129937807915694
540,24.0,23.0,-1,0.24258719232084286,0.0008247258462492624
541,25.0,23.0,1,0.25566492687941555,0.001533087076580933
542,28.0,23.0,-1,0.1897921724520195,0.0012414103971166823
543,30.0,23.0,-1,0.28537602564941206,0.0013973728672389842
544,31.0,23.0,1,0.38216864633625264,0.004431787182904489
545,34.0,23.0,-1,0.7791225899860922,0.08273820497721172
546,35.0,23.0,1,0.28032212932039796,0.0015658004851549774
547,37.0,23.0,1,0.199363594026652,0.002662869760449306
548,40.0,23.0,-1,0.29298156838372547,0.004454202282473146
549,41.0,23.0,1,0.29143664005618103,0.003935085148278345
550,44.0,23.0,-1,0.19545545559401664,0.001395240974654411
551,46.0,23.0,-1,0.32577589922540084,0.002763627921587998
552,47.0,23.0,1,0.27474321991860157,0.001317247624268705
553,2.0,24.0,-1,0.35097306230430186,0.005111713941500784
554,3.0,24.0,1,0.326761934962162,0.0014002207388706727
555,5.0,24.0,1,0.1862618124873517,0.0006728444455144439
556,8.0,24.0,-1,0.2740008053881303,0.002071747496520646
557,9.0,24.0,1,0.25328485298810743,0.001111292434812521
558,12.0,24.0,-1,0.19950246142537265,0.0011415906705489554
559,14.0,24.0,-1,0.36206732099192696,0.005905606091692287
560,15.0,24.0,1,0.3384164911181663,0.001921549758164918
561,17.0,24.0,1,0.2036798191518613,0.0016375209868317636
562,20.0,24.0,-1,0.19658573373744836,0.0007798250445997088
563,22.0,24.0,-1,0.26161040919377504,0.0012002708994948855
564,23.0,24.0,1,0.24204843363320408,0.0007647419861844997
565,26.0,24.0,-1,0.2712261182785264,0.002384416425478618
566,27.0,24.0,1,0.2537608892680103,0.0011601688845571299
567,29.0,24.0,1,0.20201037681702538,0.0039011857846580743
568,32.0,24.0,-1,0.27332528335396256,0.002176675952216999
569,33.0,24.0,1,0.7817080755546228,0.09108331538127501
570,36.0,24.0,-1,0.18253889670448825,0.0007549443192315235
571,38.0,24.0,-1,0.28713698459889936,0.0030021227961596936
572,39.0,24.0,1,0.2552279019918816,0.0010271199793588797
573,42.0,24.0,-1,0.2754160335116036,0.002734605881180347
574,43.0,24.0,1,0.31235797047844743,0.004810630109867299
575,45.0,24.0,1,0.19836383939935578,0.0023150833414618483
576,48.0,24.0,-1,0.19604862639764162,0.0012164311182886346
577,2.0,25.0,1,0.33121087599075294,0.0024399781643722447
578,3.0,25.0,-1,0.3342860724616652,0.002246507272579746
579,5.0,25.0,-1,0.1950645566395999,0.0009958868639423472
580,8.0,25.0,1,0.2521940476029299,0.0012872931407124177
581,9.0,25.0,-1,0.2517783792661243,0.0010415697658299838
582,12.0,25.0,1,0.1936953207903964,0.0017619558601337057
583,14.0,25.0,1,0.34868903015639513,0.002708921470194939
584,15.0,25.0,-1,0.3461680545895299,0.0023788929005816827
585,17.0,25.0,-1,0.2015657704552337,0.0014179479017499919
586,20.0,25.0,1,0.19309250905926362,0.0014273845411783067
587,22.0,25.0,1,0.2539968334260394,0.0009870351889172155
588,23.0,25.0,-1,0.2650720613886838,0.0016049974313389836
589,26.0,25.0,1,0.2501050347060622,0.0012885160821460282
590,27.0,25.0,-1,0.2545135334464609,0.001066969583007091
591,29.0,25.0,-1,0.1890309952294083,0.0011767726487172724
592,32.0,25.0,1,0.28689791132594034,0.0030637782557494664
593,33.0,25.0,-1,1.1993366804544694,0.17035009932436748
594,36.0,25.0,1,0.20795415582751833,0.0021337225155582595
595,38.0,25.0,1,0.26074267601575996,0.001591860709999625
596,39.0,25.0,-1,0.2721553165121457,0.0017545413096432564
597,42.0,25.0,1,0.3966205891239141,0.0156105735986304
598,43.0,25.0,-1,0.3253450587898952,0.0058235241897030745
599,45.0,25.0,-1,0.18631976132405148,0.00151984698681323
600,48.0,25.0,1,0.18818102751219573,0.0007456617320678933
601,1.0,26.0,-1,0.1834012017673265,0.0010627134941094455
602,4.0,26.0,1,0.18530082132410625,0.0011446261864451284
603,6.0,26.0,1,0.2632624459507891,0.00129567396079952
604,7.0,26.0,-1,0.33441731597800933,0.0020254106080940387
605,10.0,26.0,1,0.3589325739539229,0.0019873173697408366
606,11.0,26.0,-1,0.26934238365960667,0.0017677075923365807
607,13.0,26.0,-1,0.18616198151203447,0.0012313474293000712
608,16.0,26.0,1,0.18386353634183036,0.0008026619473660052
609,18.0,26.0,1,0.27595056512114224,0.0016733691656380932
610,19.0,26.0,-1,0.2922600177569122,0.0012086775331447673
611,21.0,26.0,-1,0.1777155606166748,0.0007116439860820745
612,24.0,26.0,1,0.2775975395469563,0.002125689579639811
613,25.0,26.0,-1,0.2534056576586835,0.0014152961229660615
614,28.0,26.0,1,0.18275864473593537,0.000678538548201169
615,30.0,26.0,1,0.31004571657412516,0.005920210858598606
616,31.0,26.0,-1,0.5443764827373477,0.03197269696532197
617,34.0,26.0,1,1.1745896402637555,0.14967678808126023
618,35.0,26.0,-1,0.4122349973468731,0.015041899653855575
619,37.0,26.0,-1,0.2089582715870075,0.002944252286991953
620,40.0,26.0,1,0.2648965954135152,0.0017959982822122944
621,41.0,26.0,-1,0.39638619807436515,0.011622876022038382
622,44.0,26.0,1,0.20650655314750507,0.002888017056370694
623,46.0,26.0,1,0.28521354735462523,0.0016952115973967786
624,47.0,26.0,-1,0.2635099451952949,0.0012416078463833914
625,1.0,27.0,1,0.2646802888103783,0.0016813963927121722
626,4.0,27.0,-1,0.25169795693564534,0.0011530425560733945
627,6.0,27.0,-1,0.23683496701612206,0.0010166803072462584
628,7.0,27.0,1,0.27418788844961256,0.0013429626131881882
629,10.0,27.0,-1,0.2714768793653736,0.0011402612667602782
630,11.0,27.0,1,0.22726444418854272,0.0008585657890742009
631,13.0,27.0,1,0.2547759640436557,0.0011353242822446893
632,16.0,27.0,-1,0.2476871426668553,0.0010397219618165452
633,18.0,27.0,-1,0.29484190175084296,0.006733497107433953
634,19.0,27.0,1,0.23028224753406007,0.0007784860038734554
635,21.0,27.0,1,0.23342705701118122,0.0009096566295580195
636,24.0,27.0,-1,0.27439812600493624,0.002695477049991387
637,25.0,27.0,1,0.2526552605547974,0.001027638981235993
638,28.0,27.0,-1,0.25937061586653387,0.0014257378248798479
639,30.0,27.0,-1,0.3131096004571316,0.010533881910955698
640,31.0,27.0,1,0.3032457635707774,0.005026264540346398
641,34.0,27.0,-1,0.3298391789028559,0.004971458468503807
642,35.0,27.0,1,0.4969676586539918,0.03761749042659532
643,37.0,27.0,1,0.2677548360274677,0.0027432700108710397
644,40.0,27.0,-1,0.5359817553956154,0.029935980452717958
645,41.0,27.0,1,0.3667208644691717,0.00993130577818749
646,44.0,27.0,-1,0.25469465865107704,0.00280868641580606
647,46.0,27.0,-1,0.24020332729386443,0.0015696922083268242
648,47.0,27.0,1,0.24918005042188393,0.0015918491198503336
649,2.0,28.0,-1,0.2345388203732137,0.001061837094276155
650,3.0,28.0,1,0.24451738343778848,0.0019315202609594953
651,5.0,28.0,1,0.17494920307302125,0.0008233093440311675
652,8.0,28.0,-1,0.18257586915606247,0.0007486863983880895
653,9.0,28.0,1,0.18479388938733668,0.0007254346017989959
654,12.0,28.0,-1,0.16325103411605052,0.00047177558389255157
655,14.0,28.0,-1,0.22691737473880413,0.0024633735985877905
656,15.0,28.0,1,0.22236551920527742,0.0010962067100581793
657,17.0,28.0,1,0.18095561993258627,0.0011235824213915574
658,20.0,28.0,-1,0.1706133406544056,0.0006211058829664964
659,22.0,28.0,-1,0.24450645352473446,0.001369818958124874
660,23.0,28.0,1,0.17932307789569518,0.0014830435616516896
661,26.0,28.0,-1,0.18826202154426547,0.0022357827049366095
662,27.0,28.0,1,0.24859023785264545,0.0011081832130259508
663,29.0,28.0,1,0.19803891753330347,0.0016995055104936639
664,32.0,28.0,-1,0.19543079968899937,0.0019124981226537148
665,33.0,28.0,1,0.20532019182306827,0.0020983767427565476
666,36.0,28.0,-1,0.2155283437468813,0.0037820819181096756
667,38.0,28.0,-1,0.3623792647390488,0.008278139146528944
668,39.0,28.0,1,0.23186216843431204,0.00432633828161291
669,42.0,28.0,-1,0.19276209466956404,0.0010378222521316123
670,43.0,28.0,1,0.6279062798578305,0.056680760048312386
671,45.0,28.0,1,0.1881987940483846,0.0015151743783345048
672,48.0,28.0,-1,0.17807875439949714,0.00103978408654805
673,1.0,29.0,1,0.17645377622528854,0.0008579182806863714
674,4.0,29.0,-1,0.18127382898803682,0.001085193396910115
675,6.0,29.0,-1,0.2517251151302881,0.0012674896615629606
676,7.0,29.0,1,0.1737219585992423,0.0006425181680489747
677,10.0,29.0,-1,0.17622189287969076,0.0007189719078654656
678,11.0,29.0,1,0.23261311672472812,0.0009201858184277495
679,13.0,29.0,1,0.17196410498563106,0.0008012327238228977
680,16.0,29.0,-1,0.18481356976124627,0.002279242582199459
681,18.0,29.0,-1,0.2533996376396127,0.003582255490878792
682,19.0,29.0,1,0.2370500160059848,0.0012849076542447756
683,21.0,29.0,1,0.1670820077789186,0.0006712050096378462
684,24.0,29.0,-1,0.18813469602140612,0.00112358433403801
685,25.0,29.0,1,0.18599365340662077,0.0007549450825509345
686,28.0,29.0,-1,0.19612349521747421,0.0030574701844854587
687,30.0,29.0,-1,0.250096437566797,0.0010125282512043325
688,31.0,29.0,1,0.19234718597316047,0.0010130472226172554
689,34.0,29.0,-1,0.21019461763492758,0.0021934544635892734
690,35.0,29.0,1,0.2724293113383172,0.002406107599440479
691,37.0,29.0,1,0.21082264392034908,0.0030574205607507305
692,40.0,29.0,-1,0.31525183523944605,0.015258750860862544
693,41.0,29.0,1,0.2229878129024936,0.00454411955742136
694,44.0,29.0,-1,0.1793705421750043,0.0009881191173415462
695,46.0,29.0,-1,0.2796170800307221,0.012208673554769395
696,47.0,29.0,1,0.23282340015684466,0.0011152566109343912
697,2.0,30.0,-1,0.263653382949158,0.002130785668814123
698,3.0,30.0,1,0.2647351754153899,0.0018081429381409005
699,5.0,30.0,1,0.2437553859293888,0.00119743433462252
700,8.0,30.0,-1,0.2540217281251676,0.0011954590115217491
701,9.0,30.0,1,0.23960715527870574,0.0009763345337695774
702,12.0,30.0,-1,0.22718093621868476,0.0007348651576657447
703,14.0,30.0,-1,0.23004736697898992,0.0010121414842339214
704,15.0,30.0,1,0.23630251186426526,0.0010037680171529673
705,17.0,30.0,1,0.2635152877574763,0.001316383767305683
706,20.0,30.0,-1,0.264638415708329,0.0013724643969335974
707,22.0,30.0,-1,0.2294827006415779,0.0008661713923098113
708,23.0,30.0,1,0.2726388686573243,0.0016034587199315457
709,26.0,30.0,-1,0.2867225590699022,0.0014182099787397205
710,27.0,30.0,1,0.24721002284561056,0.004258840900760632
711,29.0,30.0,1,0.2678923188773968,0.001840698800586856
712,32.0,30.0,-1,0.2718675491824682,0.0024637494045405906
713,33.0,30.0,1,0.2949324826512922,0.003456264605528497
714,36.0,30.0,-1,0.25351615902561325,0.0014948771505138951
715,38.0,30.0,-1,0.2435473431934405,0.0026462362742567117
716,39.0,30.0,1,0.41137457944442407,0.01237224616222316
717,42.0,30.0,-1,0.3160484167289523,0.0029284750482542706
718,43.0,30.0,1,0.3495461900480872,0.013380807265099449
719,45.0,30.0,1,0.2667386065850911,0.0022208188074271202
720,48.0,30.0,-1,0.26113051201352266,0.0011021388112844124
721,2.0,31.0,1,0.3972615538553341,0.006798285731649919
722,3.0,31.0,-1,0.3512878004853342,0.013159826195426211
723,5.0,31.0,-1,0.18421150536986214,0.0011891890296798083
724,8.0,31.0,1,0.25199465947901956,0.0011619848156959186
725,9.0,31.0,-1,0.26754745037169664,0.0016994909998069446
726,12.0,31.0,1,0.17390765399723596,0.0005701499660730794
727,14.0,31.0,1,0.2824992424895209,0.001088023744616041
728,15.0,31.0,-1,0.2835785779848572,0.001509032947498013
729,17.0,31.0,-1,0.18861162659191744,0.0009771015374097137
730,20.0,31.0,1,0.1905268460786101,0.001086932425705922
731,22.0,31.0,1,0.2650156365814269,0.0013147070759554512
732,23.0,31.0,-1,0.3820959999803246,0.004157010375333782
733,26.0,31.0,1,0.3621603216805956,0.003134061715501201
734,27.0,31.0,-1,0.3250778636892552,0.004218337988002762
735,29.0,31.0,-1,0.1827475703089058,0.0006766458630546978
736,32.0,31.0,1,0.2939100469650936,0.0031121312633856056
737,33.0,31.0,-1,0.258135761741482,0.0023734281350322422
738,36.0,31.0,1,0.19681386636598638,0.0012885092245122085
739,38.0,31.0,1,0.30730121381891834,0.0023146931617902544
740,39.0,31.0,-1,0.4338885888841179,0.009937018107422585
741,42.0,31.0,1,0.7071229089804186,0.040270272810436554
742,43.0,31.0,-1,0.28288120056951016,0.001507350222822141
743,45.0,31.0,-1,0.1985507978537608,0.001542492288377125
744,48.0,31.0,1,0.19058892187440574,0.0009721610315139223
745,1.0,32.0,-1,0.21824014297060151,0.0017728303973944476
746,4.0,32.0,1,0.23613268989852693,0.00797473246545778
747,6.0,32.0,1,0.25660128300652624,0.001063927466814895
748,7.0,32.0,-1,0.2489845372883066,0.0011578268883712277
749,10.0,32.0,1,0.28337255272333783,0.004617610670744397
750,11.0,32.0,-1,0.2580098849986387,0.0012258262665634664
751,13.0,32.0,-1,0.18243730956078646,0.000809214078449858
752,16.0,32.0,1,0.19491661838107815,0.0011737206490202148
753,18.0,32.0,1,0.34226557732727575,0.0026877335624223733
754,19.0,32.0,-1,0.32880851034219505,0.0020894191705252006
755,21.0,32.0,-1,0.19718960477458067,0.0013924138889222708
756,24.0,32.0,1,0.28925198377808276,0.002708968202686848
757,25.0,32.0,-1,0.29290654544404526,0.002926225215341971
758,28.0,32.0,1,0.1974940980614834,0.0010752991459225569
759,30.0,32.0,1,0.2607763017411269,0.0015382313967063671
760,31.0,32.0,-1,0.2669851877621149,0.002293886545057655
761,34.0,32.0,1,0.3617222202063144,0.019147171620371255
762,35.0,32.0,-1,0.2853115358359912,0.0030700088746627584
763,37.0,32.0,-1,0.20682446768980517,0.0018119691383522612
764,40.0,32.0,1,0.28067822806895215,0.003429558478237731
765,41.0,32.0,-1,0.5656667843924864,0.03943489112848196
766,44.0,32.0,1,0.1958580287603736,0.0013266108373993098
767,46.0,32.0,1,0.3337303207070559,0.0015893999376150247
768,47.0,32.0,-1,0.3302199026794531,0.0018913976981762433
769,1.0,33.0,1,0.19628286722452232,0.0008566650723889823
770,4.0,33.0,-1,0.19377949438135086,0.001022236554979411
771,6.0,33.0,-1,0.26670878195509395,0.0016420107399116076
772,7.0,33.0,1,0.24391469272236194,0.0009478640442854966
773,10.0,33.0,-1,0.26092496540660626,0.0019609009244520494
774,11.0,33.0,1,0.2660868614402111,0.002543391362700455
775,13.0,33.0,1,0.1921026656497032,0.0009966922184944183
776,16.0,33.0,-1,0.19620749468114812,0.0010789981753837681
777,18.0,33.0,-1,0.3357023905812004,0.0018251413713488106
778,19.0,33.0,1,0.3268695714963628,0.0021937180225895915
779,21.0,33.0,1,0.19157167646179354,0.0010410166449470691
780,24.0,33.0,-1,0.25697310512633026,0.001283869237257353
781,25.0,33.0,1,0.27494344378424024,0.0030988928791580617
782,28.0,33.0,-1,0.2092777207015037,0.002563791732417277
783,30.0,33.0,-1,0.3379634324447903,0.00955713939741664
784,31.0,33.0,1,0.2644704126533456,0.001680573754404762
785,34.0,33.0,-1,0.26434898707301746,0.0013813053564652586
786,35.0,33.0,1,0.2770811143992779,0.0025958529865100417
787,37.0,33.0,1,0.21230259531744491,0.0034528486220279314
788,40.0,33.0,-1,0.2826911739651973,0.0022807225684601845
789,41.0,33.0,1,0.28365926660243496,0.002324556883380771
790,44.0,33.0,-1,0.20212267259918673,0.002042728641507536
791,46.0,33.0,-1,0.3203753450709998,0.0019559893510487205
792,47.0,33.0,1,0.3741599891968912,0.003274088453514376
793,2.0,34.0,-1,0.2843467857904207,0.001571181539026289
794,3.0,34.0,1,0.30767951478668243,0.0022324385001635237
795,5.0,34.0,1,0.1768834717202124,0.0006611912421081894
796,8.0,34.0,-1,0.24892830552488815,0.0010663013845556533
797,9.0,34.0,1,0.25532790744761674,0.001477102273496658
798,12.0,34.0,-1,0.17966717621726042,0.0008303018976214016
799,14.0,34.0,-1,0.29494391712559304,0.0013862276349982815
800,15.0,34.0,1,0.2814529771247386,0.0016680211065917955
801,17.0,34.0,1,0.1866440283075149,0.0012387934595081385
802,20.0,34.0,-1,0.18341472252413638,0.0008950716103445977
803,22.0,34.0,-1,0.30712420787549277,0.004528464842078274
804,23.0,34.0,1,0.4644803906577475,0.01303818494078011
805,26.0,34.0,-1,0.3644146705406764,0.002808109744342786
806,27.0,34.0,1,0.3055399642177144,0.0021489192065327917
807,29.0,34.0,1,0.2007221837569752,0.0015579603411143943
808,32.0,34.0,-1,0.25376968785735166,0.0012780347537719998
809,33.0,34.0,1,0.27217995408951157,0.0018385330409597617
810,36.0,34.0,-1,0.18737942476313657,0.0008424306855322503
811,38.0,34.0,-1,0.28310876151780895,0.0016214381054605565
812,39.0,34.0,1,0.3725081902635585,0.0029853947508719585
813,42.0,34.0,-1,0.43261758573910813,0.008006675761305931
814,43.0,34.0,1,0.2643305284357641,0.0015860158229396503
815,45.0,34.0,1,0.19168942549141044,0.001236067702956129
816,48.0,34.0,-1,0.1986114495996269,0.0014492392489646611
817,2.0,35.0,1,0.26454415507641554,0.0030668852430765056
818,3.0,35.0,-1,0.26845709455640704,0.0032853583027221155
819,5.0,35.0,-1,0.2446552504706054,0.0011738867398356707
820,8.0,35.0,1,0.2544101241433495,0.0019426189767335195
821,9.0,35.0,-1,0.24795870978891216,0.0010362977105768882
822,12.0,35.0,1,0.2442897060331666,0.0011896246940839507
823,14.0,35.0,1,0.233144509979002,0.000940193297602923
824,15.0,35.0,-1,0.2577013725744888,0.0018562258430020477
825,17.0,35.0,-1,0.2480561530861724,0.0009049963838607199
826,20.0,35.0,1,0.2532834208880906,0.001021355258148142
827,22.0,35.0,1,0.26363842042400887,0.0028441750682738315
828,23.0,35.0,-1,0.2955151032027913,0.001997949866549249
829,26.0,35.0,1,0.27847536930805944,0.0011528758635499146
830,27.0,35.0,-1,0.2258002300024467,0.0011271833272428066
831,29.0,35.0,-1,0.2997684747379417,0.003849489495253545
832,32.0,35.0,1,0.26603930657148456,0.0014789256038515548
833,33.0,35.0,-1,0.255376132438406,0.0010515594224117712
834,36.0,35.0,1,0.24709893103175534,0.0010690885776094884
835,38.0,35.0,1,0.25379387696798966,0.0026471856958823403
836,39.0,35.0,-1,0.2787068904074883,0.001545166961503191
837,42.0,35.0,1,0.2780357691827052,0.001227662372526233
838,43.0,35.0,-1,0.23461862453505447,0.0011550561074001647
839,45.0,35.0,-1,0.4429145198439697,0.0321447582945242
840,48.0,35.0,1,0.28231110624931166,0.0024746782938838904
841,1.0,36.0,-1,0.17993183478906447,0.0012682305348804197
842,4.0,36.0,1,0.19831552267814298,0.0019096568968905523
843,6.0,36.0,1,0.2533745752966057,0.0019602913423447266
844,7.0,36.0,-1,0.18476961189197036,0.0010644340012456025
845,10.0,36.0,1,0.17303785877000916,0.0007753546661029996
846,11.0,36.0,-1,0.238321691689589,0.0009341152454538725
847,13.0,36.0,-1,0.17167377788560062,0.0008611502069033824
848,16.0,36.0,1,0.17510522003566592,0.0013132682487962146
849,18.0,36.0,1,0.23709415848073645,0.0022279600665349023
850,19.0,36.0,-1,0.2524983694758511,0.008272199218893432
851,21.0,36.0,-1,0.1767824025467273,0.0007868283725828817
852,24.0,36.0,1,0.19631122070169565,0.0014259895906516616
853,25.0,36.0,-1,0.18426895378274238,0.0007579465243644386
854,28.0,36.0,1,0.18533253503669217,0.0009193466473672098
855,30.0,36.0,1,0.25264846691481413,0.0011966264167472815
856,31.0,36.0,-1,0.17751081036760769,0.0007100497552995245
857,34.0,36.0,1,0.18546821755359588,0.0008361585122584962
858,35.0,36.0,-1,0.24866219130772227,0.0015066801036857076
859,37.0,36.0,-1,0.18647125561106478,0.0008957804587176593
860,40.0,36.0,1,0.18620359412291837,0.0007677386750675871
861,41.0,36.0,-1,0.1848498816691415,0.0007617042541082696
862,44.0,36.0,1,0.1949840561184295,0.004734391369564965
863,46.0,36.0,1,0.23074901021041483,0.0020428998101359023
864,47.0,36.0,-1,0.2288334186737581,0.0012552818879977563
865,2.0,37.0,1,0.2317649575813041,0.0010253534512095007
866,3.0,37.0,-1,0.23347946123616273,0.0014270078412822436
867,5.0,37.0,-1,0.17946115576896607,0.0018109577632810885
868,8.0,37.0,1,0.18879660325606168,0.0009024863728975556
869,9.0,37.0,-1,0.18340695874315402,0.0012054809893748452
870,12.0,37.0,1,0.17248031640238204,0.0006690969694721875
871,14.0,37.0,1,0.22987605332553293,0.0013521401452682839
872,15.0,37.0,-1,0.21893238737256898,0.0007196331185501362
873,17.0,37.0,-1,0.18081026125877112,0.0011016298401252459
874,20.0,37.0,1,0.20038367427068352,0.0069584844547072285
875,22.0,37.0,1,0.2610984737945495,0.004155198254675932
876,23.0,37.0,-1,0.17978559092018023,0.0008571115132807615
877,26.0,37.0,1,0.17844545190182637,0.0007361885539919784
878,27.0,37.0,-1,0.24956405550644498,0.0010920211900245836
879,29.0,37.0,-1,0.18669020580798668,0.0011068613329035615
880,32.0,37.0,1,0.18539750183587939,0.0007930681210354033
881,33.0,37.0,-1,0.18155588353165716,0.0007590753675462205
882,36.0,37.0,1,0.18115259888517898,0.0007709279184851396
883,38.0,37.0,1,0.24528603944419158,0.0009858215307448756
884,39.0,37.0,-1,0.1793346457694094,0.000700413558590587
885,42.0,37.0,1,0.18415706029801984,0.0013201347734856541
886,43.0,37.0,-1,0.25641682470942095,0.0012808565958842757
887,45.0,37.0,-1,0.1780347897849421,0.0008490472620017607
888,48.0,37.0,1,0.17719389151589293,0.0022453460219794123
889,1.0,38.0,-1,0.25659066066106506,0.0013839202729428585
890,4.0,38.0,1,0.25777474493463254,0.0016189095447779263
891,6.0,38.0,1,0.22643146906527972,0.0010586742072706881
892,7.0,38.0,-1,0.2783077501506737,0.0016369568417649123
893,10.0,38.0,1,0.2605283098923062,0.0009800174741260441
894,11.0,38.0,-1,0.22761511016834965,0.0010535376151584721
895,13.0,38.0,-1,0.24566813080203118,0.0012515298412153623
896,16.0,38.0,1,0.2589404649146123,0.0014607347753446947
897,18.0,38.0,1,0.26057669244126425,0.0025558304823363343
898,19.0,38.0,-1,0.2330993013254384,0.0011057825132947576
899,21.0,38.0,-1,0.24159394289281944,0.0011865839510072857
900,24.0,38.0,1,0.246604534700246,0.001036171590001547
901,25.0,38.0,-1,0.25368549008692165,0.0013207324439065355
902,28.0,38.0,1,0.2529531992170864,0.0011661322482461637
903,30.0,38.0,1,0.22815791648627098,0.0015535117997421504
904,31.0,38.0,-1,0.307537773062737,0.002770594602762695
905,34.0,38.0,1,0.27060481092735683,0.0010988426138540002
906,35.0,38.0,-1,0.22434837113031977,0.0011210910382703188
907,37.0,38.0,-1,0.2486434063067239,0.0009218642135641949
908,40.0,38.0,1,0.2491102100031696,0.0011274675112857239
909,41.0,38.0,-1,0.2585462782958807,0.0025572037205764753
910,44.0,38.0,1,0.2548664384578039,0.0016891907459400223
911,46.0,38.0,1,0.24264961018709102,0.001371677439786619
912,47.0,38.0,-1,0.39549546281382497,0.028913644529885412
913,1.0,39.0,1,0.20940068829034758,0.005015634177538269
914,4.0,39.0,-1,0.188873878779695,0.0007876319903193193
915,6.0,39.0,-1,0.2649068057051406,0.0011223903776055022
916,7.0,39.0,1,0.34579296909266893,0.00224202475807061
917,10.0,39.0,-1,0.36469201309874294,0.00368812795301791
918,11.0,39.0,1,0.29932139797528157,0.005250161049670798
919,13.0,39.0,1,0.22023368555228667,0.003349157848467967
920,16.0,39.0,-1,0.17694513858005687,0.000904031170836368
921,18.0,39.0,-1,0.2880362382233493,0.0026314701079044097
922,19.0,39.0,1,0.2771765269701354,0.0012816631704837009
923,21.0,39.0,1,0.1818234371366346,0.0007782124716717664
924,24.0,39.0,-1,0.2827887619711616,0.0023978690165787314
925,25.0,39.0,1,0.26463206850414817,0.0037515691233379177
926,28.0,39.0,-1,0.18252198146177306,0.0008714422798994148
927,30.0,39.0,-1,0.3715108842182663,0.01424419774424699
928,31.0,39.0,1,0.38820799504574033,0.005952413005836455
929,34.0,39.0,-1,0.34416692320802705,0.0019051071837585985
930,35.0,39.0,1,0.2746758781728626,0.0011233971974778454
931,37.0,39.0,1,0.18577804361555025,0.0022019043110008364
932,40.0,39.0,-1,0.2796192603606465,0.0031882743501754148
933,41.0,39.0,1,0.26773488072551843,0.0020732841461215314
934,44.0,39.0,-1,0.17955864485858972,0.0006024236991240317
935,46.0,39.0,-1,0.33989356052790665,0.006455930170013513
936,47.0,39.0,1,0.2734145241176565,0.0015394597951817073
937,2.0,40.0,-1,0.351945408353235,0.0028757792035515213
938,3.0,40.0,1,0.3068781135153846,0.001386004630215912
939,5.0,40.0,1,0.18863454624670353,0.0009040495043545093
940,8.0,40.0,-1,0.31800986285882166,0.009787495760560939
941,9.0,40.0,1,0.2752241327032653,0.002635442078041841
942,12.0,40.0,-1,0.19250109234648108,0.0009530404166497846
943,14.0,40.0,-1,0.3688549827252323,0.006420772890932038
944,15.0,40.0,1,0.32136741791042556,0.0017084968585297051
945,17.0,40.0,1,0.19138871027505322,0.0008735125016677908
946,20.0,40.0,-1,0.186783728054218,0.0008564731207849645
947,22.0,40.0,-1,0.26147509715634804,0.0012967446728731223
948,23.0,40.0,1,0.2727447864649412,0.0018103645515231484
949,26.0,40.0,-1,0.2590176328846028,0.0036273729950276937
950,27.0,40.0,1,0.255132614004447,0.0011094155282936429
951,29.0,40.0,1,0.19057983410694204,0.001321781120079809
952,32.0,40.0,-1,0.2641082637132193,0.0011650541731902883
953,33.0,40.0,1,0.2919476501149435,0.005202816671721333
954,36.0,40.0,-1,0.1831278775779942,0.0007657787753674277
955,38.0,40.0,-1,0.25620485142485977,0.0014120048121199532
956,39.0,40.0,1,0.2678313226294837,0.0026156803052046545
957,42.0,40.0,-1,0.2554720670391706,0.0016248039225320876
958,43.0,40.0,1,0.27315574519596475,0.0012782912882192269
959,45.0,40.0,1,0.20702815476095826,0.0017583517083759298
960,48.0,40.0,-1,0.19693173745879292,0.0011851799674447447
961,2.0,41.0,1,0.3313650030382617,0.0015036855740049513
962,3.0,41.0,-1,0.32250627423603134,0.0017516773985097817
963,5.0,41.0,-1,0.19372153016232002,0.0009465096939231653
964,8.0,41.0,1,0.30577142691441184,0.004489865353842289
965,9.0,41.0,-1,0.2557985146395149,0.0015495132190009523
966,12.0,41.0,1,0.1885256297072692,0.0011215394319215141
967,14.0,41.0,1,0.3163869768225673,0.0020629226290360706
968,15.0,41.0,-1,0.3319004360354459,0.0019929888805141124
969,17.0,41.0,-1,0.19869933421668,0.0016369782756247577
970,20.0,41.0,1,0.19343446636940434,0.0011179929309623508
971,22.0,41.0,1,0.28562437536832513,0.002918855360377754
972,23.0,41.0,-1,0.2557745385155159,0.0011914283361166144
973,26.0,41.0,1,0.2677579272333635,0.001799920920312485
974,27.0,41.0,-1,0.2540210125272409,0.0009815600471290184
975,29.0,41.0,-1,0.180755015194832,0.0006377153448467888
976,32.0,41.0,1,0.25253592334998454,0.0008443670093924904
977,33.0,41.0,-1,0.2680740287048282,0.0016257931535611366
978,36.0,41.0,1,0.18914517781865917,0.0008047115022110882
979,38.0,41.0,1,0.25749976604651187,0.0025143048841342534
980,39.0,41.0,-1,0.2693113745779867,0.0014777626281647553
981,42.0,41.0,1,0.2561249038435935,0.0010608788106330974
982,43.0,41.0,-1,0.26931826909653256,0.0012596633418457221
983,45.0,41.0,-1,0.19073017151366584,0.0007782111896576945
984,48.0,41.0,1,0.20248026711446335,0.002043545713915195
985,1.0,42.0,-1,0.18588356205368445,0.000984035967096715
986,4.0,42.0,1,0.17780934150258437,0.0006312517576652142
987,6.0,42.0,1,0.2669180584284083,0.0022666986669430695
988,7.0,42.0,-1,0.34407214225588423,0.0024148531868846725
989,10.0,42.0,1,0.3701615333751853,0.0042335049931928135
990,11.0,42.0,-1,0.25753681573991033,0.0013805902467823713
991,13.0,42.0,-1,0.18968655825524258,0.0028844681630220306
992,16.0,42.0,1,0.17663487123981061,0.0005642712512225979
993,18.0,42.0,1,0.2814302175163823,0.0017304405379378455
994,19.0,42.0,-1,0.31253593064991797,0.0022124073802022204
995,21.0,42.0,-1,0.18935011839115434,0.001843272336137839
996,24.0,42.0,1,0.24528037052826848,0.0008940447092020382
997,25.0,42.0,-1,0.25918157349131776,0.0017780315661222136
998,28.0,42.0,1,0.1808563945632715,0.0009142849813867377
999,30.0,42.0,1,0.2796110735856797,0.0012030132599514238
1000,31.0,42.0,-1,0.34339453482420007,0.0013157842839677364
1001,34.0,42.0,1,0.3624307067686942,0.0017834315608386013
1002,35.0,42.0,-1,0.28071661067856424,0.001566445731036758
1003,37.0,42.0,-1,0.1852139330135206,0.000952856718090507
1004,40.0,42.0,1,0.2630877448725788,0.0014712840757083918
1005,41.0,42.0,-1,0.2510032540412992,0.0009219515564533085
1006,44.0,42.0,1,0.20238543566858058,0.0020700896538351195
1007,46.0,42.0,1,0.3098296289897705,0.0017440327257521315
1008,47.0,42.0,-1,0.2958501957938089,0.002056487601291863
1009,1.0,43.0,1,0.2665780102118881,0.0013772918145076433
1010,4.0,43.0,-1,0.24985242032306781,0.0008922204729569697
1011,6.0,43.0,-1,0.22680565341210795,0.0009288768231859328
1012,7.0,43.0,1,0.2627423470547467,0.0014778743073829992
1013,10.0,43.0,-1,0.2600542332037722,0.0021980504119550777
1014,11.0,43.0,1,0.22664513630632444,0.0012227047330482846
1015,13.0,43.0,1,0.24711841598203954,0.0010353051658051672
1016,16.0,43.0,-1,0.26368183712670173,0.0010723677190288968
1017,18.0,43.0,-1,0.24403167324370767,0.0011068448780933576
1018,19.0,43.0,1,0.22483393733888077,0.000700513147012072
1019,21.0,43.0,1,0.25146988178874735,0.0013445607766410053
1020,24.0,43.0,-1,0.2502624619124855,0.0012384306210610574
1021,25.0,43.0,1,0.2761906586864843,0.0023599219152947025
1022,28.0,43.0,-1,0.2727266501308486,0.001753042201826648
1023,30.0,43.0,-1,0.2456239647045838,0.0012771723162311546
1024,31.0,43.0,1,0.26888120372112106,0.0016841002815364055
1025,34.0,43.0,-1,0.2537826597980878,0.0009524108669083658
1026,35.0,43.0,1,0.2348687367942445,0.0009750606771026427
1027,37.0,43.0,1,0.25612628509218754,0.001258364707597142
1028,40.0,43.0,-1,0.2713746206847236,0.0013929902457491014
1029,41.0,43.0,1,0.2702678969519282,0.0013529130096044055
1030,44.0,43.0,-1,0.2757211311500261,0.003286805365141408
1031,46.0,43.0,-1,0.2450596307265598,0.001151764105340617
1032,47.0,43.0,1,0.23447095064763912,0.0009387544606060488
1033,2.0,44.0,-1,0.23565383139055324,0.001489374911394731
1034,3.0,44.0,1,0.22318014231401478,0.001031253132757547
1035,5.0,44.0,1,0.17724307407220818,0.001061506323282705
1036,8.0,44.0,-1,0.19664211456884625,0.0010842680974534437
1037,9.0,44.0,1,0.183711783958688,0.000869902314284847
1038,12.0,44.0,-1,0.16420483998564422,0.0006277024053771878
1039,14.0,44.0,-1,0.22375647159147952,0.000998686928886414
1040,15.0,44.0,1,0.22024134484576902,0.0010649648610005274
1041,17.0,44.0,1,0.1649218281653885,0.0007502837517196316
1042,20.0,44.0,-1,0.16368433281875167,0.0005408053384262935
1043,22.0,44.0,-1,0.247007047245861,0.0009854790581078935
1044,23.0,44.0,1,0.18194797161410475,0.0008082574401141068
1045,26.0,44.0,-1,0.1924600473360728,0.0015774747108142366
1046,27.0,44.0,1,0.2465194283850443,0.0016388146122614886
1047,29.0,44.0,1,0.18435193443039366,0.0011528205200813445
1048,32.0,44.0,-1,0.1852241369038569,0.0008475272584199286
1049,33.0,44.0,1,0.18658827095017982,0.0008080128275282695
1050,36.0,44.0,-1,0.1780636294926761,0.000783499517201718
1051,38.0,44.0,-1,0.26326375549035735,0.0014950807273213722
1052,39.0,44.0,1,0.18554672023799682,0.0008197887961593679
1053,42.0,44.0,-1,0.18720263889961122,0.0009752449771593881
1054,43.0,44.0,1,0.2565500662724656,0.0012376552308466643
1055,45.0,44.0,1,0.17408503616391238,0.0009010135547921344
1056,48.0,44.0,-1,0.1714247711832837,0.0009093884214784971
1057,1.0,45.0,1,0.1727281775384115,0.000737371687848458
1058,4.0,45.0,-1,0.17691810584247122,0.0007557182430614936
1059,6.0,45.0,-1,0.24536070738943963,0.0009715949987959219
1060,7.0,45.0,1,0.1870198820560336,0.0007426990103543735
1061,10.0,45.0,-1,0.1780037773333671,0.0006996877137344851
1062,11.0,45.0,1,0.2404709254686673,0.000836213648027982
1063,13.0,45.0,1,0.17407456984578024,0.0007295215843294156
1064,16.0,45.0,-1,0.18007358230820827,0.0008602937060811037
1065,18.0,45.0,-1,0.2641934040826664,0.0013028271721848398
1066,19.0,45.0,1,0.2681575272566228,0.0024985665886378757
1067,21.0,45.0,1,0.17088196403052083,0.0009757352958927641
1068,24.0,45.0,-1,0.19359789164126587,0.001442344601225202
1069,25.0,45.0,1,0.18991318331414023,0.000983287123260691
1070,28.0,45.0,-1,0.17893855126138764,0.0011480994811633248
1071,30.0,45.0,-1,0.26777085675872375,0.0013099798718791595
1072,31.0,45.0,1,0.20450065625620503,0.004219060002093245
1073,34.0,45.0,-1,0.17771407246352852,0.0009886133221977981
1074,35.0,45.0,1,0.2613886450559123,0.001145058053608419
1075,37.0,45.0,1,0.17263127544060608,0.0006866597470442912
1076,40.0,45.0,-1,0.19369381127207388,0.0013402641939729977
1077,41.0,45.0,1,0.19139720053919723,0.0009401293471713494
1078,44.0,45.0,-1,0.16648104322193605,0.0006621640396909808
1079,46.0,45.0,-1,0.2507199244929587,0.0015637497160216848
1080,47.0,45.0,1,0.25314109592484246,0.0011925008789774713
1081,2.0,46.0,-1,0.24324927429950208,0.001127186148008134
1082,3.0,46.0,1,0.24684731728932172,0.0017142604528868348
1083,5.0,46.0,1,0.235774075164908,0.0011677743215624628
1084,8.0,46.0,-1,0.3250168519588673,0.0016971415771078193
1085,9.0,46.0,1,0.31927344590370377,0.0016053754128185313
1086,12.0,46.0,-1,0.22798821574940215,0.0008731425698405389
1087,14.0,46.0,-1,0.23998415201188572,0.0008423986694665883
1088,15.0,46.0,1,0.2699914500019694,0.0019337841576037183
1089,17.0,46.0,1,0.27797927276682627,0.002440384436569362
1090,20.0,46.0,-1,0.26406410626268784,0.0015841525286580066
1091,22.0,46.0,-1,0.2530991613254283,0.0023766748114569095
1092,23.0,46.0,1,0.35915428738314525,0.007240414155709816
1093,26.0,46.0,-1,0.2895382267882435,0.0013691292883814394
1094,27.0,46.0,1,0.2235907182913084,0.000789820457319258
1095,29.0,46.0,1,0.22305092935010928,0.0011036845616333544
1096,32.0,46.0,-1,0.3122153051594589,0.0015433792745271542
1097,33.0,46.0,1,0.315580833103332,0.0014288649819370024
1098,36.0,46.0,-1,0.21685071660229552,0.0007522764516260179
1099,38.0,46.0,-1,0.24535424961063412,0.0014520523826253352
1100,39.0,46.0,1,0.3164769042617415,0.003243268812909998
1101,42.0,46.0,-1,0.30650738836477576,0.0018254915335793242
1102,43.0,46.0,1,0.22911072819389625,0.0012398902283591614
1103,45.0,46.0,1,0.2513220873161215,0.0014477091514241344
1104,48.0,46.0,-1,0.2635709429404898,0.0016436835421969652
1105,2.0,47.0,1,0.24324255739151826,0.0011012115831355034
1106,3.0,47.0,-1,0.24284756223276677,0.0020108766809486885
1107,5.0,47.0,-1,0.25054546688538176,0.004958780534775466
1108,8.0,47.0,1,0.384909600706793,0.004153595566941881
1109,9.0,47.0,-1,0.3656726271254689,0.0035470697845896024
1110,12.0,47.0,1,0.2355743756399896,0.0012354864301208986
1111,14.0,47.0,1,0.25507637174435716,0.003747098188168577
1112,15.0,47.0,-1,0.24515732982398852,0.0010866875545991902
1113,17.0,47.0,-1,0.2664520486350416,0.0014060668327192287
1114,20.0,47.0,1,0.27179958375415586,0.0018032881359441371
1115,22.0,47.0,1,0.25697137280664945,0.001503770187833774
1116,23.0,47.0,-1,0.29002417637235467,0.0028342797191211275
1117,26.0,47.0,1,0.27632814620066143,0.001515827679259836
1118,27.0,47.0,-1,0.24316749413559888,0.0010936118250216953
1119,29.0,47.0,-1,0.22498655063344605,0.0008266568646524302
1120,32.0,47.0,1,0.3293277000932643,0.0023722568468956765
1121,33.0,47.0,-1,0.3158566947160518,0.001630619561566659
1122,36.0,47.0,1,0.24317988079566843,0.002641134978862238
1123,38.0,47.0,1,0.24435583466060753,0.000959792060906871
1124,39.0,47.0,-1,0.27547375350994474,0.0011263000752582677
1125,42.0,47.0,1,0.28594260062629295,0.003623884177896623
1126,43.0,47.0,-1,0.250421761523118,0.0012166070041761338
1127,45.0,47.0,-1,0.27174522484297264,0.001974485220660879
1128,48.0,47.0,1,0.27317528417725495,0.0014529089571399451
1129,1.0,48.0,-1,0.17185397083807102,0.0012440576576070402
1130,4.0,48.0,1,0.17322152383775957,0.0007395813458137157
1131,6.0,48.0,1,0.5379116324774488,0.04218379251009088
1132,7.0,48.0,-1,0.19417438230653314,0.002468004984492141
1133,10.0,48.0,1,0.1895780336749195,0.0011433712876394394
1134,11.0,48.0,-1,0.2761653098093982,0.001988970633232662
1135,13.0,48.0,-1,0.17280610005325087,0.0009678290903683277
1136,16.0,48.0,1,0.17280562233707952,0.000799543713401011
1137,18.0,48.0,1,0.28733338070626185,0.0028967535077138247
1138,19.0,48.0,-1,0.2669450359517733,0.0016056551270092394
1139,21.0,48.0,-1,0.17503518098249918,0.0010374324843611667
1140,24.0,48.0,1,0.2101332641586324,0.004187686002628181
1141,25.0,48.0,-1,0.1946491140548106,0.001196324258566486
1142,28.0,48.0,1,0.17069043448268612,0.0006749607065985863
1143,30.0,48.0,1,0.25618375099596763,0.002305938174607716
1144,31.0,48.0,-1,0.17901296043555523,0.0011258696033461541
1145,34.0,48.0,1,0.18415899318912612,0.0008804970057516689
1146,35.0,48.0,-1,0.25500702877999804,0.0011016050320745117
1147,37.0,48.0,-1,0.170405181330143,0.0006040540700685228
1148,40.0,48.0,1,0.19901481717722677,0.001281398755355762
1149,41.0,48.0,-1,0.19345395243261315,0.0016934981476730078
1150,44.0,48.0,1,0.1704309307284794,0.0010522489012546928
1151,46.0,48.0,1,0.25760758398946587,0.0011857269447638243
1152,47.0,48.0,-1,0.2707121556056131,0.001533960689059582
